,0x0,0x4,0x8,,
3C0BC+0x0,081C6948,081C7554,081C7774,,
3C0BC+0xC,081C7974,081C83F0,081C85A4,,
3C0BC+0x18,081C87A4,081C9114,081C92DC,,
3C0BC+0x24,081C94DC,081C9D34,081C9EEC,,
3C0BC+0x30,081CA0EC,081CAA4C,081CAC08,,
3C0BC+0x3C,081CAE08,081CB77C,081CB928,,
3C0BC+0x48,081CBB28,081CC360,081CC4A4,,
3C0BC+0x54,081CC6A4,081CD158,081CD34C,,
3C0BC+0x60,081CD54C,081CDDB8,081CDF10,,
3C0BC+0x6C,081CE110,081CE920,081CEAB8,,
3C0BC+0x78,081CECB8,081CF730,081CF8E8,,
3C0BC+0x84,081CFAE8,081D0440,081D05D8,,
3C0BC+0x90,081D07D8,081D1238,081D141C,,
3C0BC+0x9C,081D161C,081D1E78,081D1FEC,,
3C0BC+0xA8,081D21EC,081D2CA0,081D2E90,,
3C0BC+0xB4,081D3090,081D3964,081D3B08,,
3C0BC+0xC0,081D5908,081D58E8,081D59DC,,
3C0BC+0xCC,081D59BC,081D5AC4,081D5AA4,,
3C0BC+0xD8,081D5B7C,081D5B5C,081D5C60,,
3C0BC+0xE4,081D5C40,081D5D34,081D5D14,,
3C0BC+0xF0,081D5E10,081D5DF0,081D5EF0,,
3C0BC+0xFC,081D5ED0,081D5FB4,081D5F94,,
3C0BC+0x108,081D6048,081D6028,081D60D4,,
3C0BC+0x114,081D60B4,081D618C,081D616C,,
3C0BC+0x120,081D6274,081D6254,081D6350,,
3C0BC+0x12C,081D6330,081D6424,081D6404,,
3C0BC+0x138,081D64EC,081D64CC,0828C934,,
3C0BC+0x144,0828DB5C,0828ED84,0828FFAC,,
3C0BC+0x150,082911D4,082923FC,8293624,,
3C0BC+0x15C,0829484C,08295A74,08296C9C,,
