,0x0,0x4,0x8,0xC,chinese:080302E8
2E6D4+0x0,00000000,082339F4,00000000,00000000
2E6D4+0x10,00000000,082339F4,00000000,00000000
2E6D4+0x20,082339F4,08233BF4,00001094,08234C88
2E6D4+0x30,08234F58,08235158,000015EB,08236744
2E6D4+0x40,08244EEC,082450EC,00001315,08246404
2E6D4+0x50,00000000,08236A68,00000000,00000000
2E6D4+0x60,08236A68,08236C68,000019A1,0823860C
2E6D4+0x70,0823898C,08238B8C,0000146E,08239FFC
2E6D4+0x80,0823A2C4,0823A4C4,00001334,0823B7F8
2E6D4+0x90,0823BAFC,0823BCFC,000012E0,0823CFDC
2E6D4+0xA0,00000000,0823D2C4,00000000,00000000
2E6D4+0xB0,00000000,0823D2C4,00000000,00000000
2E6D4+0xC0,0823D2C4,0823D4C4,000018D9,0823EDA0
2E6D4+0xD0,0823F0DC,0823F2DC,000013AD,0824068C
2E6D4+0xE0,082409A0,08240BA0,00000FC0,08241B60
2E6D4+0xF0,08241E0C,0824200C,000013EB,082433F8
2E6D4+0x100,08243744,08243944,000012A6,08244BEC,BREAK
2E6D4+0x110,00000000,08246730,00000000,00000000
2E6D4+0x120,08246730,08246930,0000111D,08247A50
2E6D4+0x130,08247CE4,08247EE4,0000113D,08249024
2E6D4+0x140,0824930C,0824950C,00001606,0824AB14
2E6D4+0x150,0825D3F8,0825D5F8,00001434,0825EA2C
2E6D4+0x160,0824AE38,0824B038,00001031,0824C06C
2E6D4+0x170,0824C33C,0824C53C,0000192B,0824DE68
2E6D4+0x180,0824E1D8,0824E3D8,000013CA,0824F7A4
2E6D4+0x190,0824FA5C,0824FC5C,00000FDD,08250C3C
2E6D4+0x1A0,08250EDC,082510DC,000012E0,082523BC
2E6D4+0x1B0,082526A4,082528A4,00001480,08253D24
2E6D4+0x1C0,08254024,08254224,000018F6,08255B1C
2E6D4+0x1D0,08255E74,08256074,000015EB,08257660
2E6D4+0x1E0,0825795C,08257B5C,00001537,08259094
2E6D4+0x1F0,082593E8,082595E8,00000DDA,0825A3C4
2E6D4+0x200,0825A628,0825A828,00001298,0825BAC0
2E6D4+0x210,0825BDE8,0825BFE8,0000114A,0825D134
2E6D4+0x220,00000000,0825ED80,00000000,00000000,BREAK
2E6D4+0x230,0825ED80,0825EF80,000013C8,08260348
2E6D4+0x240,08260618,08260818,00001290,08261AA8
2E6D4+0x250,08261DCC,08261FCC,00001807,082637D4
2E6D4+0x260,082777F4,082779F4,000013A3,08278D98
2E6D4+0x270,08263B24,08263D24,0000135B,08265080
2E6D4+0x280,08265398,08265598,000018F4,08266E8C
2E6D4+0x290,08267200,08267400,0000171E,08268B20
2E6D4+0x2A0,08268E24,08269024,0000159F,0826A5C4
2E6D4+0x2B0,0826A8F0,0826AAF0,0000105C,0826BB4C
2E6D4+0x2C0,0826BDDC,0826BFDC,00001621,0826D600
2E6D4+0x2D0,0826D928,0826DB28,00001A3D,0826F568
2E6D4+0x2E0,0826F8C4,0826FAC4,000018AF,08271374
2E6D4+0x2F0,082716B0,082718B0,000014EB,08272D9C
2E6D4+0x300,082730DC,082732DC,00000D4C,08274028
2E6D4+0x310,08274284,08274484,000017DF,08275C64
2E6D4+0x320,08276000,08276200,000012EF,082774F0
